{"val_loss": [0.4254702988191229, 0.26845110842010866, 0.2067562522092793, 0.18402842211442805, 0.15796014679590398, 0.14372847797112484, 0.13082798089566752, 0.1260552219286257, 0.12187145465503182, 0.10994090468051383], "val_acc": [0.9317784256559767, 0.9618492294877135, 0.9723448563098709, 0.9753436068304873, 0.978758850478967, 0.9808413161182841, 0.9835901707621825, 0.9830070803831736, 0.9841732611411912, 0.9862557267805081], "loss": [1.0067646125217615, 0.3311056252034558, 0.232238957755627, 0.18809768456737874, 0.16187688904834893, 0.14302214020297532, 0.13014349790150478, 0.11954090575095651, 0.11005664098038004, 0.10337372732225812], "acc": [0.7608709240819107, 0.9507031982498176, 0.9683091988450774, 0.9752474216200782, 0.9799770809459318, 0.9829148869810532, 0.984852588781529, 0.9864777580699966, 0.9882696114178561, 0.9881862694030629]}