{"val_loss": [0.09193556014758172, 0.08770823557910036, 0.08759765162905084, 0.08189132227162742, 0.08346714797992942, 0.07975723537439665, 0.07731494192549873, 0.07263841269076259, 0.07341872314151039, 0.07225521988055543], "val_acc": [0.9905015830694884, 0.990834860856524, 0.9902516247292118, 0.9912514580903182, 0.9909181803032828, 0.9910014997500417, 0.9916680553241126, 0.9923346108981836, 0.9907515414097651, 0.991418096983836], "loss": [0.10051374445433835, 0.0944663506389146, 0.08934698858913409, 0.0844354166791431, 0.08051641929797358, 0.07675767314635722, 0.07350429718654808, 0.07018806946284324, 0.06718876742686802, 0.06491272306014083], "acc": [0.9892703862660944, 0.9898954123287153, 0.9907287803857177, 0.9921663402641777, 0.9924371848827035, 0.99299970832118, 0.9934997291553814, 0.9942080920038335, 0.9949789574764297, 0.9949997916579858]}