{"val_loss": [0.03940957449202678, 0.03753745557740952, 0.0383383229427057, 0.03775311398862421, 0.03746929294335003, 0.039222452013184125, 0.038086806252852164, 0.036592593106648336, 0.037208689758681426, 0.03633848175272301], "val_acc": [0.999083027675892, 0.9987495831943981, 0.9983327775925308, 0.9983327775925308, 0.9981660553517839, 0.9975825275091698, 0.9979159719906635, 0.9983327775925308, 0.9977492497499166, 0.9980826942314105], "loss": [0.040768662904158794, 0.03917009600404575, 0.037831358458238706, 0.037058117846488756, 0.036395110499980475, 0.035352359232361984, 0.0348686551695455, 0.034358583307754334, 0.03363060383095874, 0.03297214721275265], "acc": [0.9978751770685776, 0.9986251145737856, 0.9988542621448213, 0.9989792517290226, 0.9990209149237563, 0.9993958836763603, 0.999104241313224, 0.999270894092159, 0.9993333888842596, 0.9994792100658278]}