{"val_loss": [0.0783782912020882, 0.07799681451419989, 0.07851126270368695, 0.07491836481541395, 0.07434745361904303, 0.07304100459069014, 0.0712968853811423, 0.07085877055674791, 0.07115892605980237, 0.06917651537184914], "val_acc": [0.976, 0.9748333333333333, 0.9749166666666667, 0.9761666666666666, 0.9760833333333333, 0.9765833333333334, 0.9780833333333333, 0.9768333333333333, 0.9775, 0.9775], "loss": [0.08772669876615206, 0.08384498236204187, 0.08003439219295978, 0.07676785379027327, 0.073621418453753, 0.07084367106730739, 0.0682778152146687, 0.0656139883964012, 0.06341722678393126, 0.061001101300120354], "acc": [0.9742083333333333, 0.9758333333333333, 0.9769375, 0.9780833333333333, 0.9788125, 0.9794166666666667, 0.9803541666666666, 0.9809166666666667, 0.9820625, 0.9825833333333334]}