{"val_loss": [0.051011843835079757, 0.04211399767809635, 0.04199695805657224, 0.051851036805996786, 0.04350624377638966, 0.04421629187880471, 0.043424389223068474, 0.04440115350657262, 0.05087345238047099, 0.04458095252794307], "val_acc": [0.9851617205735245, 0.9887462487495832, 0.9883294431477159, 0.9857452484161388, 0.9873291097032344, 0.9867455818606202, 0.9869123041013671, 0.9870790263421141, 0.9855785261753918, 0.9856618872957652], "loss": [0.046725500592012505, 0.0448050996417945, 0.042644418687101414, 0.041126079604050764, 0.04012430997900792, 0.038415745447499434, 0.03705777489783458, 0.0359603989252678, 0.034854505365701546, 0.03394263760950275], "acc": [0.9868552620614949, 0.9874593783851345, 0.9881884842929756, 0.9891259061744855, 0.989396716940255, 0.989750854095492, 0.9902716440296642, 0.9903549704191318, 0.9911257395217066, 0.991584034663778]}