{"val_loss": [2.301380069862409, 2.30135428790213, 2.3013543270158148, 2.301356924895884, 2.3013836452666023, 2.301400331546164, 2.3013373333917295, 2.3013430323033144, 2.3013732682152086, 2.301343072450491], "val_acc": [0.11237079026590549, 0.11237079026590549, 0.11237079026590549, 0.11237079026590549, 0.11237079026590549, 0.11237079026590549, 0.11237079026590549, 0.11237079026590549, 0.11237079026590549, 0.11237079026590549], "loss": [2.301531709578522, 2.3015414658273006, 2.301535819174995, 2.3015103671125807, 2.3014878495197855, 2.3014910829811233, 2.301506388615533, 2.3014591826904653, 2.301467276604888, 2.30149780032178], "acc": [0.11236563619698359, 0.11236563619698359, 0.11236563619698359, 0.11236563619698359, 0.11236563619698359, 0.11236563619698359, 0.11236563619698359, 0.11236563619698359, 0.11236563619698359, 0.11236563619698359]}