{"val_loss": [0.3247119551423637], "val_acc": [0.9032763390446831], "loss": [0.6572889404427701], "acc": [0.8246824682627208]}