{"val_loss": [2.3016376558939617, 2.301616736094157, 2.3016180629730223, 2.30156156539917, 2.3015252621968587, 2.3015128815968833, 2.3015503705342613, 2.301501033782959, 2.301492474238078, 2.3014422702789306], "val_acc": [0.11233333333333333, 0.11233333333333333, 0.11233333333333333, 0.11233333333333333, 0.11233333333333333, 0.11233333333333333, 0.11233333333333333, 0.11233333333333333, 0.11233333333333333, 0.11233333333333333], "loss": [2.3017966461181643, 2.301780303001404, 2.30174320824941, 2.3017244567871096, 2.301727352778117, 2.301700218518575, 2.301676005681356, 2.30167506313324, 2.301624124209086, 2.301656890551249], "acc": [0.112375, 0.112375, 0.112375, 0.112375, 0.112375, 0.112375, 0.112375, 0.112375, 0.112375, 0.112375]}