{"val_loss": [0.027409618634730577, 0.028662505199511846, 0.02942093886869649, 0.03260206463560462, 0.03018394996163746, 0.030055016618222, 0.030468642958750326, 0.03196704294346273, 0.03164485483927031, 0.03158633625538399], "val_acc": [0.99225, 0.9916666666666667, 0.9909166666666667, 0.991, 0.9911666666666666, 0.98975, 0.99075, 0.9900833333333333, 0.9901666666666666, 0.99025], "loss": [0.034486629801026236, 0.03096449709512914, 0.028518400500218075, 0.026441013949923216, 0.02439133284908409, 0.022847219666000455, 0.021352870932780207, 0.02011352421917642, 0.019056421665940435, 0.017317585931780437], "acc": [0.9898333333333333, 0.9915416666666667, 0.9923541666666666, 0.9925416666666667, 0.99375, 0.9938125, 0.9946875, 0.995125, 0.9955208333333333, 0.996]}