{"val_loss": [0.3371184865921707], "val_acc": [0.8993767290037004], "loss": [0.6991990167320611], "acc": [0.8082141547547693]}