{"val_loss": [2.3349801735796567, 2.312954978116698, 2.307382081995801, 2.3052779479902616, 2.3041454526892506, 2.3034964840693157, 2.3030296364013276, 2.3027498428943702, 2.3025045618520386, 2.302330356357198], "val_acc": [0.10437317783139438, 0.11236984587520026, 0.11236984587520026, 0.11236984587520026, 0.11236984587520026, 0.11236984587520026, 0.11236984587520026, 0.11236984587520026, 0.11236984587520026, 0.11236984587520026], "loss": [2.382789493935942, 2.3216873597448004, 2.3100060942620333, 2.306366225801069, 2.3047288518955913, 2.3039517755048426, 2.303411609786962, 2.3030492991677844, 2.302810958177177, 2.3025892101957073], "acc": [0.10651109490587458, 0.1105115116182771, 0.11236587144059555, 0.11234503594372766, 0.11201166788238152, 0.11236587144742596, 0.1123658714429241, 0.11236587144059555, 0.11236587144059555, 0.11236587144525266]}