{"val_loss": [0.019380770172221586, 0.01928869713799544, 0.0206000487810754, 0.02336717208927721, 0.024143472888489316, 0.022763903031992088, 0.024029210796059308, 0.02371623365948676, 0.0240624436319754, 0.023732478113153477], "val_acc": [0.9952488122030507, 0.9949987496874219, 0.9950821038592982, 0.9925814787030091, 0.9935817287655248, 0.9927481870467617, 0.9921647078436275, 0.9923314161873802, 0.991747936984246, 0.9921647078436275], "loss": [0.020898367969586457, 0.01848607933124257, 0.01645436977670663, 0.01520573567073854, 0.01410129869019818, 0.01309864050894091, 0.012441764096614504, 0.011476114247276167, 0.010741271905906596, 0.010161060759490382], "acc": [0.9942711913838719, 0.9952086327937837, 0.9960627460783701, 0.9965418827989917, 0.9969793554569506, 0.9975418203028977, 0.997666812490886, 0.9979376288981938, 0.9980417890548507, 0.9981251171801763]}