{"val_loss": [0.02580135859561545, 0.016599445692914133, 0.018119242254327254, 0.01651666831960681, 0.016545185131082486, 0.01647072610049066, 0.017425529823538195, 0.01678937049467699, 0.019375383729267604, 0.017752672715964857], "val_acc": [0.9924974991663887, 0.9957485828609537, 0.9946648882960987, 0.9953317772590864, 0.995081693897966, 0.995081693897966, 0.9948316105368457, 0.9949149716572191, 0.9943314438146049, 0.9947482494164721], "loss": [0.017976614252153748, 0.020693940149904597, 0.015685041142761095, 0.013885573243826917, 0.012418061735817372, 0.011495393903635362, 0.01034496466660404, 0.009916941227510231, 0.009154908794136161, 0.008752449607393915], "acc": [0.9953337221898175, 0.9942088159320057, 0.9961044912923923, 0.9968752603949671, 0.9977710190817431, 0.9978335138738439, 0.9983334722106492, 0.9985001249895842, 0.9987084409632531, 0.9987917673527206]}