{"val_loss": [0.27028043364942295, 0.19424213763327958, 0.15989762799832186, 0.13591320811833307, 0.12227281320596525, 0.11494629342126032, 0.10834576597763866, 0.09370089086181468, 0.08882700585167093, 0.08176551588819901], "val_acc": [0.918450645628893, 0.9400249895529169, 0.9512703039555785, 0.9590170761834875, 0.9612661390739499, 0.9647646812983525, 0.9660974593075153, 0.9725114534766115, 0.9745939191159284, 0.9766763847552454], "loss": [0.5209836424005592, 0.2192801798258688, 0.1645233392982461, 0.13413060278318265, 0.11328731638318562, 0.0983034082352401, 0.0858070684239658, 0.07612439971943052, 0.06837912797454385, 0.061822915580486526], "acc": [0.8547140327229178, 0.9341181373034856, 0.9511407438548036, 0.9610376080978362, 0.9666215230889812, 0.9705802687916585, 0.9739139493535814, 0.9776435045453828, 0.9793520158051774, 0.9820814668331211]}