{"val_loss": [0.2395764433196967], "val_acc": [0.9282261559489282], "loss": [0.2803719704681105], "acc": [0.915641769160391]}