{"val_loss": [0.0583181745613109, 0.056192939015596716, 0.05483832704038337, 0.055581230998605395, 0.054379830898124516, 0.05058271193684732, 0.05026570315351885, 0.05066576559592266, 0.04744000552849739, 0.048491079927327596], "val_acc": [0.982169638393601, 0.9833361106482253, 0.9825862355479358, 0.982919513414431, 0.984169305115814, 0.9852524579236794, 0.9843359440093318, 0.9850024995834028, 0.984835860689885, 0.9853357773704383], "loss": [0.06258840991344852, 0.056606930215396783, 0.0515953540566678, 0.04739928815902382, 0.04348701622368614, 0.04091693160577269, 0.03803321084462358, 0.03484545391476886, 0.03312123937097593, 0.03061102007533308], "acc": [0.9814783948958677, 0.9836034834412238, 0.9850410433768073, 0.9860619192466352, 0.9872494687278637, 0.9881870077746059, 0.9894578940789199, 0.9902495936958178, 0.9909162881786742, 0.991582982624276]}