{"val_loss": [0.009304955105364656, 0.010251364878389832, 0.010181028758063565, 0.011015495214238329, 0.012231609156572953, 0.013788025879202378, 0.012146384397114181, 0.012302960353640596, 0.012592380017477077, 0.013843821501328289], "val_acc": [0.9984161387129044, 0.9976658886295432, 0.9974158052684228, 0.9975825275091698, 0.9971657219073025, 0.9960820273424474, 0.9963321107035679, 0.9962487495831944, 0.9964154718239413, 0.9957485828609537], "loss": [0.014773053264271932, 0.012543284085769695, 0.011162154561290423, 0.010636845283741397, 0.010013033086404614, 0.009231974533109338, 0.008581494785653336, 0.00800199272219929, 0.007751026673052803, 0.007332737772009162], "acc": [0.996541954837097, 0.9975002083159736, 0.9981043246396134, 0.9980418298475127, 0.9981251562369803, 0.9984792933922173, 0.9987709357553537, 0.9988125989500874, 0.9988125989500874, 0.9990000833263895]}