{"val_loss": [0.10155033672451973, 0.09737768850326538, 0.09269475134462118, 0.09335173662304878, 0.08825915996432304, 0.0926348758071661, 0.08448445129394531, 0.08192040326669812, 0.082109357162565, 0.07786007864587009, 0.07869407846853137, 0.07727212056592107, 0.07671192750558258, 0.07375233593415469, 0.07340344553142786, 0.0748566512580961, 0.07273501744698734, 0.06975563735738396, 0.0712508510004729, 0.07128842565007508], "val_acc": [0.9714, 0.9736, 0.9752, 0.9738, 0.9774, 0.974, 0.9778, 0.9786, 0.9778, 0.98, 0.9778, 0.9786, 0.98, 0.9798, 0.9808, 0.98, 0.9804, 0.9814, 0.9802, 0.9818], "acc": [0.9637818181904879, 0.9664, 0.9683636363636363, 0.9699999999913302, 0.9718727272727272, 0.9732363636363637, 0.9742, 0.9757454545454546, 0.9763999999913302, 0.9776181818181818, 0.978218181809512, 0.9795272727272727, 0.9802727272727273, 0.9808545454545454, 0.9815636363636364, 0.9817454545541243, 0.9829818181731484, 0.9834727272727273, 0.9844363636363637, 0.984909090909091], "loss": [0.12225304234027863, 0.11488106040480461, 0.10836486192399805, 0.1021519659432498, 0.09705607863231139, 0.09231253776658666, 0.08803173296668312, 0.08398210835673592, 0.08046086021932689, 0.07733138755072247, 0.07409151715365322, 0.07106217068704691, 0.0680518539545211, 0.06596927806409922, 0.06344020770192146, 0.06167477585348216, 0.05929592180035331, 0.0568732012136416, 0.05520948611985554, 0.05297981889071789]}