{"val_loss": [0.3271717050552368, 0.24035256581306458, 0.20409609509706497, 0.17535262516140937, 0.1570568091571331, 0.13961838769316673, 0.13294776017665863, 0.12000310853123665, 0.11251170850098133, 0.10801896104812622], "val_acc": [0.9168, 0.9306, 0.9416, 0.951, 0.956, 0.9602, 0.9624, 0.967, 0.9684, 0.9716], "loss": [0.9388311992948706, 0.35458406575159596, 0.28740123220790514, 0.24617412489110774, 0.21602659293088047, 0.19302319446477023, 0.17444110896262255, 0.15954476839249784, 0.1468850665303794, 0.13623267745050516], "acc": [0.7511454545367848, 0.8973272727186029, 0.9146909090822394, 0.926872727281397, 0.9360363636276938, 0.9424909090995789, 0.9488545454545455, 0.9532727272727273, 0.9569636363549666, 0.9602545454545455]}