{"val_loss": [0.04167202556140599, 0.04211791003372604, 0.042522899830256124, 0.044149838796487276, 0.04641486240442806, 0.0438169400894312, 0.04486530896235244, 0.04855563224662218, 0.04569549799077561, 0.044669880518064316], "val_acc": [0.989079693231077, 0.9893297765921975, 0.988162720906969, 0.9876625541847283, 0.9859119706568856, 0.9869123041013671, 0.9869123041013671, 0.9847449149716572, 0.9860786928976325, 0.9863287762587529], "loss": [0.05114319361788993, 0.048794073002960334, 0.04700904344794059, 0.045393145550515775, 0.04400793750653286, 0.04277612225306557, 0.04144399808315439, 0.04028260131135214, 0.039212357656996544, 0.038052704164178004], "acc": [0.9855220398300142, 0.9863969669194234, 0.9870427464377969, 0.9872927256061995, 0.9877718523456379, 0.9887301058245146, 0.988667611032414, 0.9895008749270894, 0.9896050329139239, 0.989938338471794]}