{"val_loss": [0.243010603430176], "val_acc": [0.9271593826049271], "loss": [0.2869049097847367], "acc": [0.9132420091403666]}