{"val_loss": [0.06727327562842522, 0.06465310496621864, 0.06327450375544916, 0.0622014622224957, 0.06261408594322876, 0.06058334429265546, 0.06286189373389539, 0.061514556212150524, 0.05943713732680824, 0.06261910455758607], "val_acc": [0.9818363606065655, 0.98150308281953, 0.9810031661389769, 0.9819196800533244, 0.9815864022662889, 0.9817530411598067, 0.9817530411598067, 0.9818363606065655, 0.9825862356273954, 0.9808365272454591], "loss": [0.07039826175717892, 0.06349189985498319, 0.05853689583574522, 0.05384564778472867, 0.050108231770502505, 0.046882160266561654, 0.04405425513102127, 0.040435049463985684, 0.03776734903921393, 0.03588532085289354], "acc": [0.9789782907248606, 0.9814367264930176, 0.9825201050242443, 0.9844160173539246, 0.985249385391058, 0.9865202716407321, 0.9873744738991596, 0.9888328680560372, 0.9900412517386906, 0.9900620859401157]}