{"val_loss": [0.02219576366914322, 0.02105984274389449, 0.02485820542835778, 0.023366313768803378, 0.02568258713158712, 0.026031893023077502, 0.026702527353889144, 0.026965655349869798, 0.02690174828072899, 0.030441336367673398], "val_acc": [0.9942485621405351, 0.9940818537967825, 0.9924981245311327, 0.992831541218638, 0.9922480620155039, 0.9921647078436275, 0.9920813536717513, 0.9919146453279987, 0.9912478119529883, 0.9904976244061016], "loss": [0.026499194665640352, 0.02337258497655158, 0.020995386358280035, 0.019176899667275156, 0.01779945426691416, 0.017210659564764162, 0.015453797566320334, 0.01432980524470791, 0.013655701552104386, 0.012311923664853085], "acc": [0.9929379413786639, 0.9940628710705581, 0.9946045038851739, 0.9953961210757661, 0.996166906235027, 0.9961877382663583, 0.9969168593629565, 0.9975626523342291, 0.9973751640522467, 0.9980209570235193]}