{"val_loss": [0.05733166475511477, 0.057833788803711594, 0.0650789676167908, 0.05815374410742746, 0.05628733511660082, 0.05924759751368282, 0.05751020386441284, 0.06590701909138633, 0.08967195362348467, 0.056041827550781034], "val_acc": [0.9835792281403685, 0.9827456864216054, 0.9800783529215638, 0.9817454363590897, 0.9826623322497291, 0.9809118946403268, 0.9824122697341002, 0.9791614570309244, 0.9719929982495624, 0.9828290405934818], "loss": [0.06196113669259574, 0.05874553420840611, 0.05661219760315832, 0.054372918115097965, 0.05228534600770465, 0.050357584605279865, 0.04880376270568509, 0.04703965664910711, 0.045640580296054514, 0.04500425532837254], "acc": [0.9821677811803429, 0.9829802304022666, 0.9834801991542196, 0.9843134804074746, 0.9851259296293982, 0.9856675624440139, 0.9865841718225944, 0.9872716288565297, 0.9878549257338083, 0.9872924608878612]}