{"val_loss": [2.302153224091672, 2.30205421299959, 2.3019970545588366, 2.3019925083960717, 2.301854001067317, 2.3018091714217292, 2.3018124646652622, 2.301715047493356, 2.30171301447934, 2.3016503001030157], "val_acc": [0.11239793368392816, 0.11239793368392816, 0.11239793368392816, 0.11239793368392816, 0.11239793368392816, 0.11239793368392816, 0.11239793368392816, 0.11239793368392816, 0.11239793368392816, 0.11239793368392816], "loss": [2.3024555550569734, 2.302323108216346, 2.3022123787759656, 2.3020889696674924, 2.3020781695015695, 2.301997665743206, 2.301922444040723, 2.3019235922329684, 2.301853356319068, 2.301852804605422], "acc": [0.11235884827975705, 0.11235884828161978, 0.11235884827851524, 0.11235884828161978, 0.11235884828161978, 0.11235884828224069, 0.11235884827851524, 0.11235884827975705, 0.1123588482841034, 0.11235884828099887]}