{"val_loss": [0.08240854629377524, 0.08283333181838194, 0.08268254352609317, 0.08244166142245134, 0.08117426763971647, 0.08020090726514657, 0.07898348504801592, 0.07936072203020254, 0.07699055682122707, 0.0766988490819931], "val_acc": [0.9761666666666666, 0.97475, 0.9743333333333334, 0.9750833333333333, 0.975, 0.9760833333333333, 0.976, 0.976, 0.9765, 0.9764166666666667], "loss": [0.08925143103922407, 0.08510881531486908, 0.08156262220193942, 0.07812306563990812, 0.07500658567746481, 0.07247434260944526, 0.06991832755754392, 0.06726468316279352, 0.0652227039647599, 0.06321855022882422], "acc": [0.9743541666666666, 0.9757083333333333, 0.9766875, 0.9777291666666666, 0.9785833333333334, 0.9797916666666666, 0.9804375, 0.9809375, 0.9820833333333333, 0.982625]}