{"val_loss": [0.42439612495258716, 0.3235689806769362, 0.2771050017012104, 0.24304665534360267, 0.2183748298389422, 0.1991299627548156, 0.18506016706189032, 0.17222635679719647, 0.1640718590612463, 0.1567623407802995], "val_acc": [0.8786339026051528, 0.9025406080948616, 0.9171178675700803, 0.9278633902193059, 0.9341940857628295, 0.9404414826807803, 0.945189504338423, 0.9484381507357574, 0.9518533943345874, 0.9535193668460409], "loss": [0.9234691428888563, 0.3590939392738261, 0.2917624907479806, 0.25122784585651725, 0.22169774686287985, 0.19887447349540094, 0.18095812059427402, 0.16552838257034938, 0.15314647328115924, 0.14248123132744137], "acc": [0.7590373997266546, 0.8959891655057877, 0.9135326596495633, 0.9257422648142845, 0.9335347431701277, 0.9408896760352391, 0.946161058454765, 0.9509115533004615, 0.9543910823882725, 0.9576414209788684]}