{"val_loss": [0.33295589079856874, 0.23935318536758424, 0.1900340798139572, 0.16634346705079078, 0.14868806970119477, 0.1343129319369793, 0.12920457808971406, 0.11956460615992547, 0.11159328927397728, 0.10739053635150195], "val_acc": [0.9164, 0.9322, 0.948, 0.9542, 0.9594, 0.9634, 0.9648, 0.9662, 0.9694, 0.9694], "acc": [0.7635818181731484, 0.8987636363636363, 0.9202545454458757, 0.9313454545454546, 0.9402909090995789, 0.9462545454458757, 0.9515272727186029, 0.9550727272727273, 0.9589818181731484, 0.9621454545367848], "loss": [0.9318531537142667, 0.3473423038526015, 0.2725274753483859, 0.23030030570355328, 0.20140461161570117, 0.1804604050094431, 0.1640138574925336, 0.15096607082052665, 0.13981968438516965, 0.1299803029493852]}