{"val_loss": [0.06313615898787975, 0.06291373973091444, 0.06257108300924301, 0.06082931151986122, 0.061354489177465436, 0.05908441917101542, 0.05931692603230476, 0.059317779079079626, 0.06081114627420902, 0.059657086690266925], "val_acc": [0.9940833333333333, 0.9944166666666666, 0.99425, 0.994, 0.9945833333333334, 0.9940833333333333, 0.9938333333333333, 0.99325, 0.9934166666666666, 0.9931666666666666], "loss": [0.06542417257527511, 0.061979674314459166, 0.05953270027041435, 0.05721181267003218, 0.05512614188094934, 0.05354367991785208, 0.05162680726250013, 0.05030110690991084, 0.04920099877317746, 0.04781112497051557], "acc": [0.9943125, 0.995125, 0.9959375, 0.9960833333333333, 0.9965208333333333, 0.9969791666666666, 0.9970625, 0.99725, 0.9975625, 0.9976666666666667]}