{"val_loss": [0.4443736425045876, 0.3306928290669395, 0.28082329299935493, 0.24876084242051763, 0.22313679278716103, 0.2047789220236977, 0.1884189388618922, 0.17620322670553287, 0.16524423043810293, 0.15667140204327545], "val_acc": [0.877051228719272, 0.90187421913993, 0.9168679716933622, 0.926280716333425, 0.9343606830139748, 0.9396084964250535, 0.9451062057128503, 0.9476051644800306, 0.9506872136262197, 0.9540191586491268], "loss": [0.9983914769606139, 0.3696698493827866, 0.29613513933772756, 0.2548098253417057, 0.22454210034769417, 0.20159045906628975, 0.18301449478858584, 0.1677295355771852, 0.15522722734648903, 0.14469190297468043], "acc": [0.7480362537714674, 0.8951765809211647, 0.9129075945249534, 0.9247004896318531, 0.9343264923404686, 0.9411188665622596, 0.9467027815670653, 0.9508282112856683, 0.9549536409719821, 0.9581414730539669]}