{"val_loss": [0.03740330547715227, 0.03866344310094913, 0.0403197911431392, 0.03903655525545279, 0.03984308943152428, 0.042809229779367644, 0.042143141373681525, 0.04031223589989046, 0.04139673253862808, 0.041615674419949455], "val_acc": [0.98875, 0.989, 0.9878333333333333, 0.9884166666666667, 0.9881666666666666, 0.9868333333333333, 0.987, 0.98775, 0.98725, 0.9873333333333333], "loss": [0.041055298263827956, 0.036855797494140766, 0.033499618776142596, 0.03146000001113862, 0.028808200887714824, 0.027102603333381315, 0.024976029769827924, 0.023367334040813148, 0.02179905733373016, 0.020452333412133157], "acc": [0.9883125, 0.9895, 0.9906666666666667, 0.9913125, 0.9920625, 0.9930625, 0.993875, 0.9945, 0.9949791666666666, 0.9954791666666667]}