{"val_loss": [0.2651845495733605, 0.19805108021567733, 0.1629358924810512, 0.1426506700539579, 0.1265791584406729, 0.11559543948479366, 0.11043665680176315, 0.10156542056801418, 0.0998201695619549, 0.0914497103059555], "val_acc": [0.9201166180410468, 0.9384423156670361, 0.9497709287449202, 0.9551853393574945, 0.9614327362754453, 0.9653477718114157, 0.9656809661796519, 0.9693461058389043, 0.9698458975923404, 0.9720949603487481], "loss": [0.5030442023385328, 0.2187757295771854, 0.16484291040843968, 0.13507773965140757, 0.1152347232938024, 0.10081756787103145, 0.09000958528838092, 0.08141562493502666, 0.07388001209363017, 0.06751796989167577], "acc": [0.8583602458862652, 0.934388998881369, 0.9505781852412887, 0.9602875299510366, 0.9665590165319362, 0.9703719137546755, 0.9731430357328889, 0.9758308157236306, 0.9781018856130846, 0.9802271070039723]}