{"val_loss": [0.1362827246941327, 0.1300609167581438, 0.1259740774805765, 0.12146857713914537, 0.11818483827483245, 0.11222323005153942, 0.10976653848103515, 0.10931547093621852, 0.10391686931209025, 0.10069266197573809], "val_acc": [0.959840026662223, 0.9605899016830528, 0.9620063322779536, 0.9634227628728546, 0.9640893184469255, 0.9658390268288618, 0.9672554574237627, 0.9662556240626562, 0.9673387768705216, 0.9682552907848692], "loss": [0.13564099053466483, 0.1270452862208615, 0.1200196928395853, 0.11361859558328916, 0.1081215266255201, 0.10283353087084855, 0.09820539362505379, 0.09370074035366444, 0.09004181056352917, 0.08615795586400517], "acc": [0.9602066752806202, 0.9628942872818383, 0.9648527022182775, 0.9666444435209636, 0.9681653402051239, 0.9703529313348861, 0.9718113254917637, 0.972811367122912, 0.9737072377643207, 0.975457310741149]}