{"val_loss": [0.13855158334321388, 0.13331128858182553, 0.12746673338009684, 0.12537022661979527, 0.1206650272982654, 0.11645408220051567, 0.11523047968412495, 0.10814355419310227, 0.10727343411172277, 0.1022179157765999], "val_acc": [0.9599233461089819, 0.96008998492304, 0.961839693384436, 0.9622562906182303, 0.9633394434260957, 0.9659223462756207, 0.9647558740209965, 0.9672554574237627, 0.9682552907848692, 0.9700883186135644], "loss": [0.1381617437524544, 0.12949152265891636, 0.1222600847336147, 0.11590078013215921, 0.1100564508577144, 0.10494281458114056, 0.10001393291644267, 0.09563267082994226, 0.0918171511085745, 0.0879381404326339], "acc": [0.9599149964805385, 0.9630401266346902, 0.9645193549557385, 0.9664569357255235, 0.9685403558133895, 0.9700195841518232, 0.9707279470176606, 0.9727905329388724, 0.9736864035653792, 0.9746656110869968]}