{"val_loss": [2.301457867261081, 2.3014462549030417, 2.3014291467354218, 2.3014754077300554, 2.3014248213569672, 2.3014288079970138, 2.3014256904311425, 2.3014342978247666, 2.3013759400632527, 2.3014025801051066], "val_acc": [0.11236142368863461, 0.11236142368863461, 0.11236142368863461, 0.11236142368863461, 0.11236142368863461, 0.11236142368863461, 0.11236142368863461, 0.11236142368863461, 0.11236142368863461, 0.11236142368863461], "loss": [2.301589922818249, 2.301606420308126, 2.3015995184322215, 2.3015666108572157, 2.3016020627011162, 2.3015600110685726, 2.301547531058157, 2.301497010025653, 2.301549113859915, 2.3015079974949373], "acc": [0.11236797700143741, 0.11236797700143741, 0.11236797700143741, 0.11236797700143741, 0.11236797700205825, 0.11236797700143741, 0.11236797700143741, 0.11236797700143741, 0.11236797700205825, 0.11236797700143741]}