{"val_loss": [0.048745524941834054, 0.04855482142104689, 0.04879416880597072, 0.04792637420347619, 0.048034249088625476, 0.04788356015688953, 0.04579845886012063, 0.04581831133579516, 0.046303705297173876, 0.044235409794902716], "val_acc": [0.9977494373593399, 0.9970826039843295, 0.9968325414687005, 0.9969992498124531, 0.9962490622655664, 0.9968325414687005, 0.9965824789530716, 0.9968325414687005, 0.9963324164374427, 0.9965824789530716], "loss": [0.0502533163568645, 0.04823079410015896, 0.045955547088313606, 0.045135752500449065, 0.04410659227697711, 0.04271517708670634, 0.04176663415873517, 0.040553584921227515, 0.03970019128957598, 0.03896365843736488], "acc": [0.9962085702976897, 0.9970626835822761, 0.9978543007728684, 0.9978959648355311, 0.9978543007728684, 0.9982292773368331, 0.9984375976501468, 0.9987917421827802, 0.9987709101514489, 0.9988542382767743]}