{"val_loss": [0.07764822085022137, 0.060267953433154164, 0.05791974789919058, 0.060795854991898865, 0.05910623687930946, 0.06129636189716279, 0.0599084615864908, 0.05804027528441108, 0.05915416040362844, 0.06265901197193613], "val_acc": [0.9769942485621406, 0.9819121447028424, 0.9826623322497291, 0.9818287905309661, 0.9828290405934818, 0.9814120196715845, 0.9817454363590897, 0.9824956239059764, 0.9822455613903476, 0.980995248812203], "loss": [0.06541555254463802, 0.06294544203386902, 0.06050102728462087, 0.05811151344788673, 0.05621754088679779, 0.054432574803422645, 0.05281887940729456, 0.05107293336772721, 0.04937218697548002, 0.04792145167212038], "acc": [0.9814386600849865, 0.9821469491490116, 0.9828552382142782, 0.9837510155615274, 0.9844801366581255, 0.9851050975980667, 0.9858758827573276, 0.9861675311959669, 0.9864383476032748, 0.9865008436972689]}