{"val_loss": [1.2070472576141358, 0.7498986803054809, 0.5663666709899903, 0.47378984003067015, 0.4186096209049225, 0.38299505138397216, 0.3576428544044495, 0.33832292428016664, 0.3248957189083099, 0.31296327469348906], "val_acc": [0.8152, 0.8712, 0.8924, 0.9, 0.9078, 0.9108, 0.9134, 0.9168, 0.9178, 0.9192], "loss": [1.7272467548543757, 1.0117540136077188, 0.7305180019118569, 0.6036728866273706, 0.5325443790002302, 0.48704366429068824, 0.45570550238869406, 0.43261208706335585, 0.414821558100527, 0.40071058891036293], "acc": [0.6258, 0.8059454545541244, 0.8402363636450334, 0.8570545454545454, 0.867127272718603, 0.8737272727359425, 0.8798909090995789, 0.8838363636450334, 0.8871272727272728, 0.8892909090995789]}